WR;VEG;WR2;DC_WR;DC_VEG
1538;1538;1538;1538;1538
1745;1742;1747;1746;1744
1748;1744;1745;1749;1745
1747;1745;1747;1747;1743
69171;4709;62689;2173;2169
69455;4811;63112;2220;2204
69594;4754;63246;2185;2175
69457;4790;63049;2210;2218
69174;4725;62485;2198;2213
68632;4792;62434;2284;2283
67786;4745;61487;2222;2224
66533;4657;60295;2230;2225
64950;4663;59054;2277;2267
65015;4586;58809;2220;2213
66585;4690;60372;2256;2244
68511;4814;62084;2299;2301
68556;4763;62039;2269;2261
68505;4799;61925;2284;2289
68554;4843;62413;2350;2328
68400;4765;62098;2294;2296
68872;4783;62384;2296;2276
68586;4773;62325;2322;2316
67872;4810;61820;2348;2353
67932;4726;61753;2328;2314
68713;4867;62583;2375;2368
68968;4873;62723;2385;2393
69229;4879;62844;2406;2383
68750;4790;62567;2311;2325
67884;4805;61555;2360;2369
66843;4692;60686;2286;2287
66522;4797;60447;2379;2369
66387;4688;60184;2316;2331
66805;4712;60747;2312;2313
67149;4757;60999;2350;2339
65875;4613;59909;2274;2281
65025;4702;59124;2406;2380
63902;4633;57965;2388;2379
61972;4560;56379;2351;2347
58850;4469;53457;2442;2473
53948;4237;48911;2348;2349
47271;4034;42839;2388;2388
49976;4156;45278;2423;2412
59890;4437;54328;2367;2361
64033;4624;58217;2375;2370
64867;4631;58938;2357;2341
65889;4709;59995;2388;2406
66540;4669;60416;2343;2357
66924;4657;60754;2345;2341
67614;4696;61529;2341;2326
69680;4835;63302;2427;2410
69935;4773;63685;2370;2359
69834;4749;63503;2357;2359
70049;4715;63334;2355;2362
70256;4795;63575;2368;2383
70139;4741;63574;2349;2326
70159;4817;63488;2429;2430
71039;4827;64245;2422;2422
70934;4855;64267;2431;2438
69332;4736;62981;2339;2361
68332;4691;61858;2370;2355
70601;4751;63960;2397;2378
71349;4823;64703;2396;2397
71254;4806;64609;2389;2392
72020;4794;65484;2428;2429
72408;4781;65663;2336;2341
72207;4816;65694;2405;2399
71953;4767;65350;2346;2344
72164;4840;65359;2452;2451
71550;4749;64942;2390;2380
72076;4824;65590;2443;2457
72996;4836;66292;2408;2406
73371;4886;66553;2461;2456
73702;4809;66953;2429;2434
73908;4841;67005;2441;2427
74073;4835;67097;2407;2432
73908;4801;67279;2394;2387
74183;4857;67427;2452;2425
73980;4778;67213;2386;2384
74158;4821;67219;2429;2430
73860;4807;67104;2444;2434
73722;4767;66982;2409;2407
73976;4830;66962;2455;2454
73053;4706;66384;2361;2353
71903;4624;65197;2364;2347
72047;4666;65308;2350;2339
74145;4801;67291;2428;2422
74636;4742;67659;2390;2380
74253;4758;67325;2399;2402
74329;4766;67442;2443;2432
73537;4730;66607;2401;2379
73782;4688;66993;2362;2362
75069;4771;68137;2434;2431
75410;4789;68410;2423;2428
75772;4903;68740;2538;2513
75805;4772;69005;2456;2438
75647;4753;68864;2363;2355
75896;4737;68678;2360;2336
76001;4770;69042;2401;2394
76090;4802;68940;2438;2441
75797;4743;68908;2376;2381
75446;4746;68390;2397;2417
74186;4680;67363;2366;2368
74410;4693;67485;2371;2370
75722;4790;68718;2469;2465
75882;4704;69147;2376;2387
76327;4762;69249;2433;2429
76678;4742;69583;2378;2372
76850;4750;69808;2393;2377
76820;4774;69803;2424;2433
76454;4781;69274;2410;2381
74827;4667;67938;2380;2389
75030;4623;68087;2301;2312
76954;4790;69977;2422;2430
77520;4680;70415;2322;2314
77678;4718;70519;2323;2335
77963;4786;70767;2403;2401
78109;4857;70696;2457;2449
77790;4854;70581;2444;2428
78101;4774;70959;2381;2397
77987;4703;70730;2322;2313
77919;4737;70669;2343;2352
77126;4795;70159;2445;2436
76917;4724;69656;2445;2455
77541;4782;70425;2457;2432
77952;4782;70949;2415;2401
77938;4710;70866;2392;2393
77466;4752;70164;2445;2438
77201;4796;70126;2472;2469
78077;4744;70827;2419;2405
78514;4725;71035;2352;2349
78400;4797;71025;2415;2420
78143;4703;70797;2335;2334
77514;4674;70343;2360;2368
77372;4678;70160;2380;2375
76507;4696;69466;2392;2389
75936;4701;69065;2383;2385
77759;4722;70491;2343;2338
78277;4822;71108;2438;2447
78765;4803;71227;2458;2452
79020;4810;71626;2443;2435
78343;4700;71158;2364;2363
78847;4755;71525;2346;2365
79501;4836;72240;2453;2437
79498;4757;72313;2351;2355
79247;4782;71995;2395;2388
79473;4685;72030;2298;2300
79724;4815;72272;2387;2367
79143;4775;71758;2388;2381
79075;4772;71683;2390;2404
79375;4847;72220;2406;2402
79239;4773;71788;2384;2368
79516;4778;71994;2407;2405
79534;4737;72238;2353;2346
79387;4790;72107;2373;2370
78729;4772;71518;2364;2373
78564;4806;71412;2444;2432
79368;4797;71793;2417;2424
79555;4752;72222;2364;2348
79989;4731;72374;2324;2314
79765;4816;72410;2347;2342
80362;4881;72989;2439;2437
80687;4841;73225;2408;2409
80727;4914;73518;2442;2435
80703;4832;73318;2414;2398
80766;4938;73259;2474;2476
79788;4857;72528;2433;2419
79114;4765;71781;2348;2370
80493;4841;73020;2409;2405
80081;4876;72657;2441;2446
80394;4876;72951;2450;2423
81465;4930;73870;2416;2403
81617;4877;74044;2410;2395
81475;4881;73988;2401;2381
81907;4863;74095;2389;2390
81598;4913;74094;2427;2417
80950;4909;73428;2407;2390
80508;4907;73068;2454;2457
80544;4898;73144;2408;2391
81187;4982;73764;2497;2487
81724;4914;74239;2409;2409
81819;4923;74257;2391;2386
81691;4867;74273;2339;2344
81208;4865;73671;2399;2386
81044;4905;73655;2391;2375
81493;4875;73806;2347;2344
81388;4834;74038;2337;2326
81736;4935;74381;2391;2364
82097;4925;74722;2359;2369
81550;4921;74000;2365;2372
81668;4983;74158;2425;2417
81569;4961;74007;2419;2435
81996;4946;74510;2365;2378
81225;4949;73839;2413;2396
82037;5026;74448;2455;2446
82089;4939;74595;2399;2393
82248;5006;74570;2414;2420
82734;5053;75158;2454;2460
82719;5004;75029;2395;2389
81712;5097;74145;2450;2446
82130;5079;74514;2461;2447
82725;4952;75083;2319;2323
83070;5041;75469;2415;2404
82861;4938;75262;2323;2330
81805;5091;74399;2455;2465
81659;5002;74109;2407;2412
82936;4998;75274;2326;2321
83243;5064;75585;2407;2395
83049;5064;75332;2396;2393
83042;5058;75323;2351;2363
82223;5106;74736;2417;2409
80909;5056;73407;2395;2398
80044;5085;72752;2398;2395
78769;4937;71598;2355;2350
79904;5018;72563;2380;2374
82654;5194;74879;2456;2454
83117;5195;75483;2411;2416
83029;5153;75146;2381;2384
83118;5216;75308;2408;2401
83355;5140;75769;2343;2346
82892;5248;75375;2433;2425
80575;5103;73259;2370;2367
81275;5116;73657;2391;2371
81416;5208;74072;2438;2435
82447;5180;74859;2351;2352
82126;5237;74529;2409;2403
82186;5181;74235;2374;2360
82496;5189;74857;2364;2357
78111;5149;70895;2431;2430
58773;4554;53514;2413;2427
50721;4365;46050;2455;2449
54931;4491;50102;2489;2472
57585;4566;52208;2460;2445
60674;4692;55125;2441;2426
63686;4732;57726;2374;2369
66687;4852;60481;2377;2378
70907;4991;64295;2360;2360
75530;5199;68722;2418;2388
79345;5305;71820;2341;2352
76821;5359;69552;2468;2454
74770;5181;67710;2388;2365
70798;5144;64448;2417;2433
73203;5266;66396;2430;2450
69843;5133;63437;2436;2420
74444;5262;67605;2380;2362
69341;5153;63099;2391;2394
75229;5381;68219;2405;2398
70550;5239;63809;2456;2436
74438;5252;67365;2297;2294
75467;5413;68714;2410;2414
72106;5273;65410;2340;2359
78494;5538;71213;2335;2324
73529;5309;66724;2281;2292
74882;5414;67968;2263;2271
79697;5771;72361;2413;2395
74789;5635;68010;2425;2434
78829;5770;71803;2386;2392
80353;5796;72853;2312;2319
74740;5683;67707;2358;2371
77530;5839;70221;2355;2339
79445;5848;72025;2296;2288
77009;5878;69654;2390;2385
80127;6125;72722;2465;2480
82038;6232;74371;2426;2410
77673;6076;70555;2412;2421
76611;6060;69557;2396;2387
80156;6241;72585;2421;2420
79996;6302;72647;2413;2394
75315;6173;68205;2457;2457
77406;6231;70208;2335;2337
78107;6239;71057;2315;2318
77189;6303;70169;2363;2353
80272;6506;72819;2338;2358
79213;6535;71960;2410;2412
76272;6412;69250;2385;2389
73390;6306;66767;2406;2394
74696;6475;67866;2423;2429
76770;6581;69689;2374;2365
79287;6897;72038;2490;2472
78751;6812;71165;2393;2378
76224;6777;69153;2405;2397
78818;7039;71583;2462;2466
79451;7010;72052;2338;2350
79901;7113;72355;2401;2392
79978;7210;72758;2404;2413
76672;7142;69433;2466;2452
79441;7246;72034;2322;2318
79353;7397;71946;2407;2414
78215;7372;70825;2398;2419
81479;7652;73870;2402;2416
82336;7655;74846;2273;2278
82659;7886;74873;2446;2438
84564;8102;76645;2431;2436
84924;8182;77092;2419;2439
83238;8108;75570;2346;2350
83141;8135;75445;2296;2292
84303;8350;76490;2390;2396
83005;8443;75468;2455;2440
80366;8240;72840;2358;2340
78267;8221;70849;2452;2432
79895;8392;72470;2371;2374
82203;8577;74402;2415;2401
83750;8742;75762;2339;2335
83294;8806;75537;2340;2320
80639;8702;72864;2351;2352
78829;8746;71498;2385;2396
77582;8640;70359;2404;2385
79946;8846;72509;2294;2305
80882;9175;73328;2474;2472
78279;8970;70969;2335;2306
81947;9446;74218;2399;2394
82862;9583;75358;2393;2386
78122;9270;70980;2477;2459
78835;9382;71644;2336;2330
81685;9762;74178;2377;2352
80126;9635;72556;2380;2369
74584;9183;67627;2293;2308
76560;9563;69534;2382;2382
80739;10050;73010;2411;2427
81348;10165;73798;2369;2372
79358;10032;71987;2350;2345
80691;10365;73229;2488;2484
81331;10505;73885;2365;2368
75116;9894;68107;2356;2340
75475;10007;68397;2328;2318
80566;10654;73266;2353;2364
82147;10915;74269;2420;2409
80401;10742;72910;2313;2323
76910;10514;69748;2385;2386
78922;10863;71386;2438;2421
76963;10739;69906;2420;2406
77977;10848;70592;2407;2401
82080;11412;74176;2402;2402
83504;11666;75637;2309;2314
84051;11923;76458;2360;2352
82807;11991;75035;2444;2444
82052;11863;74593;2364;2352
79126;11679;71922;2390;2364
77897;11668;70575;2404;2385
80996;11990;73442;2357;2350
83732;12543;75838;2430;2435
84025;12690;76262;2422;2414
84025;12716;76153;2328;2337
83528;12819;75798;2397;2392
84101;13005;76257;2400;2396
82650;12884;74833;2339;2327
80572;12776;73345;2419;2411
80399;12822;72970;2345;2353
82346;13221;74632;2462;2456
82320;13193;74749;2358;2349
82157;13385;74565;2385;2397
82349;13526;74821;2360;2342
82143;13631;74594;2481;2466
82625;13638;74898;2387;2366
82901;13829;75010;2394;2392
82301;13901;74654;2431;2420
81929;13977;74199;2404;2415
81936;14098;74135;2369;2385
83432;14385;75825;2455;2458
83246;14412;75614;2359;2357
83657;14556;75721;2352;2340
84046;14761;76229;2407;2400
84144;14864;76250;2357;2356
82847;14829;75293;2390;2389
82898;14912;75116;2319;2316
84114;15215;76230;2405;2405
83936;15341;75903;2335;2355
82097;15161;74570;2382;2393
82430;15400;74678;2399;2414
82421;15514;74787;2441;2409
82276;15451;74709;2314;2316
82010;15605;74429;2399;2397
82893;15797;75083;2348;2358
83458;16040;75672;2506;2501
83040;16080;75509;2347;2350
83093;16259;75497;2354;2376
83542;16359;75885;2352;2337
83501;16526;75901;2438;2407
83590;16654;75839;2388;2403
83960;16808;76256;2359;2344
84385;17042;76691;2406;2391
83899;17130;76058;2452;2457
83625;17046;75792;2357;2338
83572;17223;75879;2329;2306
82978;17211;75289;2369;2374
82724;17332;75200;2393;2408
83314;17689;75640;2452;2440
83576;17682;75869;2379;2371
83853;17974;76195;2443;2438
83114;18001;75434;2447;2439
83291;18079;75636;2409;2397
82416;18039;74815;2411;2391
82168;18011;74762;2356;2353
83563;18354;75796;2324;2328
84266;18765;76470;2381;2365
83322;18723;75690;2407;2387
82621;18775;74869;2458;2431
80906;18529;73529;2350;2369
81360;18685;73784;2393;2384
82290;19002;74666;2359;2356
83754;19507;76030;2410;2401
83745;19613;75931;2480;2462
83650;19621;76075;2381;2373
83705;19928;75838;2351;2377
83145;19861;75442;2387;2390
82475;19984;74952;2448;2435
82709;20023;75130;2346;2354
81825;20052;74484;2436;2451
79093;19538;71602;2409;2412
79197;19702;71945;2434;2434
79224;19764;71887;2370;2360
81273;20456;73538;2406;2404
82455;20853;74746;2367;2377
81883;20869;74170;2365;2364
81762;20932;73945;2364;2349
81191;21033;73601;2399;2416
81523;21163;73922;2377;2386
81398;21339;73671;2461;2472
79581;21070;72276;2505;2503
74902;20046;67920;2473;2456
72488;19702;65762;2442;2412
68998;18890;62660;2408;2398
70053;19308;63657;2468;2447
68245;18981;62179;2494;2478
66557;18515;60357;2376;2356
62373;17771;56825;2352;2358
66376;18908;59983;2399;2391
61165;17848;55831;2439;2451
63689;18428;57715;2356;2366
69161;19975;62814;2469;2463
65626;19243;59578;2410;2421
68293;20070;61879;2454;2445
62012;18508;56462;2390;2413
56033;17016;50936;2393;2396
54529;16745;49493;2419;2426
64806;19721;58833;2432;2432
66996;20307;60725;2462;2466
61073;18749;55317;2437;2431
58244;18227;52972;2388;2395
61944;19438;56234;2474;2460
64648;20256;58673;2391;2383
64276;20148;58392;2348;2354
63566;20259;57673;2450;2435
57648;18682;52385;2429;2433
62850;20231;56963;2440;2451
62022;20215;56271;2477;2467
62831;20523;56931;2428;2427
63958;20988;58073;2391;2396
69000;22611;62517;2374;2370
71988;23611;65464;2444;2448
75924;25059;68829;2482;2466
78843;26111;71581;2431;2436
78675;26364;71558;2409;2405
76686;26012;69376;2795;2777
76012;25757;69000;2466;2447
77417;26340;70222;2460;2453
78837;26958;71342;2374;2356
77079;26556;69924;2385;2392
74670;26100;67743;2484;2503
76462;26748;69625;2418;2404
74166;26065;67291;2363;2385
75422;26762;68458;2498;2482
77098;27464;70201;2452;2439
72952;26377;66075;2474;2487
65340;23873;59479;2362;2355
59803;22255;54431;2469;2468
62488;23196;56745;2406;2421
70101;26003;63554;2425;2412
70062;26099;63465;2452;2457
64764;24466;58845;2364;2381
67997;25804;61506;2341;2337
63882;24480;58093;2415;2422
65812;25348;59658;2473;2482
67900;26099;61657;2420;2396
71101;27573;64724;2443;2436
71248;27789;64731;2471;2466
68458;26917;62252;2511;2524
59643;23881;54227;2425;2421
64338;25828;58502;2394;2381
70165;28163;63560;2443;2443
68867;27771;62369;2441;2432
71522;28936;65071;2397;2392
70724;28821;64313;2375;2374
68850;28164;62545;2469;2449
68088;28173;61846;2420;2409
62959;26446;57165;2523;2519
67528;28346;61453;2499;2475
72758;30694;66107;2411;2418
72409;30709;65923;2411;2420
74404;31642;67539;2542;2520
70568;30223;63999;2444;2435
69594;30179;63231;2475;2475
64665;28130;58621;2450;2471
58191;25712;52815;2401;2413
62437;27709;56589;2465;2475
68036;30261;61897;2536;2541
70436;31215;63901;2379;2361
72642;32288;65662;2419;2428
75591;33956;68720;2515;2506
75591;34171;68748;2485;2456
69722;31863;63432;2479;2483
66577;30725;60603;2461;2477
61827;28773;56145;2412;2415
61781;29002;56059;2483;2506
64459;30170;58429;2499;2495
66820;31430;60775;2438;2444
72381;34164;65593;2504;2514
75145;35593;68283;2436;2432
72911;34866;66283;2479;2462
72437;34900;65813;2537;2555
67494;32584;61211;2413;2414
64920;31622;58836;2415;2408
69560;34161;63254;2417;2404
72293;35616;65695;2418;2418
69662;34328;63263;2468;2458
67575;33688;61258;2498;2488
68696;34324;62345;2484;2484
70248;35353;63846;2402;2379
72636;36601;65831;2455;2443
71960;36529;65344;2523;2525
68505;35126;62284;2483;2487
69521;35831;63213;2451;2451
72904;37745;66217;2509;2505
75972;39556;69032;2471;2475
76792;40055;69930;2414;2387
76839;40312;69769;2476;2475
74704;39438;67652;2513;2513
75604;40235;68600;2532;2537
76643;40844;69592;2504;2488
75982;40598;68834;2607;2569
74982;40406;67986;2441;2450
74179;40126;67234;2480;2466
75613;41249;68628;2521;2521
78081;42851;70855;2478;2484
79403;43681;72302;2392;2373
80128;44327;72696;2576;2556
80195;44440;72943;2374;2394
79295;44215;71913;2521;2512
76870;43283;69906;2541;2549
78324;44134;71176;2441;2426
77820;44223;70662;2483;2465
75761;43195;68673;2459;2449
75710;43312;68764;2454;2461
76866;44211;69678;2506;2500
76680;44354;69607;2477;2480
76865;44524;69627;2526;2531
76166;44343;68764;2446;2443
76874;45226;69834;2544;2532
76829;45341;69815;2492;2510
75738;44758;68526;2544;2555
75424;44770;68317;2484;2474
74916;44999;68131;2474;2441
75546;45475;68474;2542;2516
76763;46236;69717;2510;2504
75625;45915;68689;2495;2513
75864;46320;68995;2630;2613
76754;47108;69627;2508;2526
77243;47438;70027;2414;2402
77425;48047;70376;2493;2476
78001;48308;70733;2573;2595
77795;48361;70304;2452;2431
78037;48961;70883;2552;2564
78367;49376;71215;2570;2601
77078;48619;69762;2473;2478
75424;47987;68456;2444;2416
75763;48296;68756;2530;2517
74899;48098;68113;2478;2486
74257;47857;67547;2465;2471
73358;47648;66588;2455;2444
73859;47950;67010;2462;2457
75043;48957;68082;2468;2446
75308;49251;68300;2522;2511
76108;50172;68991;2619;2629
75770;49987;68882;2558;2559
76869;50961;69682;2634;2595
76682;51078;69635;2513;2496
76329;51014;69138;2560;2549
77092;51889;70204;2591;2566
77743;52386;70592;2489;2500
76493;51690;69300;2474;2460
76734;52050;69639;2484;2466
75509;51538;68395;2490;2473
74023;50524;67146;2480;2482
73969;50908;67225;2427;2432
75730;52028;68722;2509;2506
74708;51636;67856;2514;2511
74144;51435;67116;2532;2500
75490;52467;68389;2491;2475
75772;53129;68933;2499;2493
76145;53381;69112;2563;2578
74728;52813;68000;2421;2412
73767;52088;67090;2442;2442
74543;53045;67748;2464;2446
75714;53969;68911;2431;2430
76812;54880;69493;2550;2539
77471;55405;70135;2593;2596
77059;55424;69874;2480;2489
76912;55556;69729;2449;2440
77062;55759;70115;2416;2407
77003;56016;70107;2503;2487
76848;56004;69765;2491;2501
76900;56350;69824;2496;2495
76689;56097;69503;2531;2531
75588;55668;68725;2537;2540
75592;55714;68559;2454;2457
75560;55942;68597;2450;2462
74065;55092;67226;2516;2518
74037;55123;66951;2460;2454
74503;55915;67586;2433;2444
75317;56338;68256;2507;2511
75640;56789;68653;2452;2435
75893;57345;68946;2489;2499
76028;57297;68860;2407;2388
76137;57718;69108;2485;2485
76013;57860;69183;2457;2473
76274;57748;69122;2494;2491
75705;57936;68796;2521;2514
74314;56960;67323;2476;2443
73786;56607;66961;2489;2490
74629;57351;67722;2532;2539
74935;57877;68141;2417;2416
75415;58320;68406;2563;2565
75299;58521;68394;2447;2453
75636;58742;68522;2503;2477
75249;58700;68022;2431;2441
74549;58419;67846;2423;2434
74627;58696;67667;2511;2520
74088;58271;67377;2518;2519
74288;58481;67197;2410;2429
74193;58652;67354;2407;2424
74195;58682;67528;2430;2455
73678;58655;67059;2490;2498
73720;58657;67004;2510;2482
73797;58947;67164;2413;2415
74042;59143;67114;2473;2489
74048;59461;67160;2437;2432
74058;59452;67137;2489;2466
73130;58872;66399;2397;2379
72701;58609;66234;2404;2405
72038;58248;65435;2371;2401
70498;56994;63651;2422;2400
71370;57998;64855;2414;2405
72249;58552;65590;2430;2445
72354;59122;65657;2456;2484
72873;59570;66318;2454;2424
73143;59617;66400;2403;2405
72924;59682;66061;2395;2402
72564;59632;65919;2500;2507
72063;59213;65321;2464;2470
71860;59306;65234;2370;2384
71256;58865;64636;2379;2365
69194;57281;62820;2449;2457
70069;58166;63584;2313;2318
71002;59079;64461;2453;2442
71223;59057;64580;2403;2402
71806;59698;65208;2446;2451
72099;60122;65366;2378;2377
71966;60012;65445;2342;2345
71719;60193;65037;2490;2494
70630;59126;64013;2494;2493
70247;58723;63662;2336;2333
70210;59151;63627;2511;2506
70570;59470;64043;2357;2365
71096;59756;64368;2418;2416
70348;59565;63780;2365;2356
69632;59088;63187;2470;2461
69954;59397;63743;2468;2458
70417;59986;63805;2433;2425
70684;60185;64147;2383;2391
70802;60296;64274;2373;2374
70968;60452;64459;2478;2456
70755;60283;64180;2359;2348
70424;60255;64127;2403;2399
70514;60326;63805;2331;2326
70294;60307;63882;2427;2424
69584;59699;63231;2391;2397
69290;59291;62899;2359;2349
69409;59783;63017;2336;2342
69655;59945;63049;2405;2398
69604;59925;63059;2358;2345
69493;59762;63060;2380;2379
68247;59200;62184;2362;2375
67918;58592;61540;2309;2324
68308;59151;62032;2385;2362
68201;59013;61889;2342;2355
68252;59218;61873;2387;2398
68455;59592;62160;2363;2353
68765;59648;62175;2374;2391
68634;59626;62156;2367;2386
68301;59390;61930;2317;2316
67866;59172;61558;2413;2398
66867;58509;60856;2367;2370
67391;58962;61341;2349;2353
67622;59296;61573;2362;2353
67018;58594;60710;2417;2413
66788;58627;60726;2390;2388
67522;59075;61209;2408;2406
67430;59217;61269;2397;2397
67211;59049;61309;2347;2335
67433;59150;61008;2383;2391
66992;58959;60690;2356;2352
65864;57950;59808;2366;2364
65009;57265;58943;2417;2422
63891;56475;57981;2353;2357
64491;57186;58548;2398;2408
64846;57379;58692;2346;2347
65021;57615;58967;2345;2355
63971;56486;58039;2415;2422
55000;48743;49897;2387;2380
41803;37351;38128;2415;2414
32318;29143;29621;2339;2330
27303;24745;25004;2367;2372
22735;20792;20830;2360;2352
19095;17568;17490;2354;2341
16345;15269;14998;2329;2323
14471;13659;13369;2326;2329
13614;12873;12584;2396;2384
13380;12667;12291;2396;2405
14294;13453;13158;2313;2320
15076;14120;13956;2311;2315
17871;16518;16382;2324;2345
19707;18252;18012;2345;2347
24766;22612;22648;2396;2403
27998;25347;25514;2403;2423
34535;31077;31436;2366;2365
45009;40446;40851;2414;2421
48754;43699;44213;2348;2339
44360;39894;40198;2343;2357
41631;37432;37910;2387;2368
34046;30840;31094;2405;2407
33069;29959;30121;2313;2325
31492;28595;28635;2344;2341
27404;25029;25052;2435;2443
31828;28813;28850;2413;2417
28760;26247;26188;2339;2337
27375;24961;24901;2346;2346
33139;30263;30133;2312;2322
29444;26878;26902;2381;2391
29155;26658;26631;2364;2372
35813;32573;32736;2373;2381
32359;29354;29346;2368;2343
30940;28177;28161;2295;2295
38526;35020;35108;2279;2317
37248;33839;34003;2371;2361
33562;30619;30487;2375;2355
40235;36593;36688;2332;2343
42901;38930;39223;2319;2315
37758;34289;34283;2333;2331
40396;36651;36746;2342;2360
46502;42298;42389;2332;2336
44518;40321;40367;2498;2482
41178;37424;37444;2414;2407
46153;41903;41967;2377;2376
48535;44065;43997;2395;2397
44912;40730;40828;2351;2359
44142;40030;39917;2322;2317
49289;45028;44945;2326;2310
51086;46746;46546;2427;2435
47622;43492;43301;2354;2368
48900;44565;44321;2372;2389
53092;48488;48296;2451;2435
54807;50005;49598;2484;2479
52397;47739;47699;2345;2342
52445;47716;47773;2364;2370
55490;50706;50443;2442;2456
57015;52191;51918;2332;2333
55719;50884;50725;2420;2418
54494;49912;49418;2397;2387
55951;51022;50685;2384;2382
56529;51630;51209;2361;2359
56734;52009;51671;2373;2353
55656;50852;50495;2332;2332
56665;51772;51428;2335;2330
57702;52877;52470;2343;2342
58002;53206;52872;2417;2433
56703;52061;51684;2420;2390
55654;51005;50643;2391;2371
55534;50995;50509;2382;2386
56628;51932;51537;2325;2310
57490;52696;52097;2369;2373
56829;52180;51695;2403;2394
56847;52012;51490;2406;2413
55323;50979;50436;2347;2339
56199;51632;51084;2310;2299
56883;52332;51817;2281;2288
57444;52654;52144;2424;2419
57528;52852;52187;2340;2339
57921;53103;52541;2421;2430
58047;53324;52794;2455;2439
57811;53117;52187;2342;2344
56463;51999;51272;2335;2320
55986;51592;50801;2392;2405
55742;51509;50750;2413;2422
54871;50723;49978;2440;2451
55156;50680;50188;2443;2437
55620;51289;50602;2351;2355
56202;51552;50921;2381;2374
56266;51703;51063;2310;2309
56185;51636;51032;2356;2359
55595;51136;50404;2361;2362
55509;51169;50550;2426;2423
55356;51216;50346;2273;2270
54933;50899;49941;2353;2341
54918;50630;49839;2328;2333
55448;50861;50236;2359;2350
55499;51143;50383;2365;2354
55470;51257;50456;2543;2531
55320;51026;50178;2463;2458
55348;50965;50288;2398;2392
55481;51204;50243;2372;2354
55489;51345;50381;2427;2423
55218;51203;50338;2358;2345
54946;50658;49929;2336;2344
53719;49583;48729;2364;2354
53571;49419;48597;2402;2416
53599;49623;48673;2386;2362
53719;49669;48648;2459;2465
52310;48508;47570;2380;2392
51889;47845;47122;2320;2322
52307;48235;47606;2285;2275
53365;49224;48461;2430;2440
53952;49616;48910;2429;2431
53665;49629;48755;2343;2328
53742;49749;48827;2346;2332
53652;49622;48640;2380;2406
53294;49283;48440;2437;2422
52898;48949;48131;2306;2304
52972;49095;48115;2381;2387
53107;49163;48353;2361;2377
53125;48966;48252;2333;2314
53052;48925;48160;2304;2304
52976;49061;48167;2365;2357
52856;48981;48205;2369;2361
52479;48567;47691;2374;2362
51762;47801;47196;2387;2383
51297;47457;46583;2347;2338
50948;47114;46256;2428;2421
50926;47292;46470;2405;2378
51545;47651;46857;2313;2306
51678;47834;47000;2392;2388
50498;46918;45860;2404;2416
50304;46252;45627;2372;2394
50736;47000;46148;2405;2414
51296;47517;46601;2423;2416
51439;47423;46771;2430;2417
51167;47486;46548;2391;2377
50178;46504;45577;2394;2374
49984;46289;45345;2418;2406
50221;46588;45766;2420;2386
50568;46986;46089;2393;2379
50659;46983;46009;2346;2364
50512;46643;45868;2334;2327
49803;46235;45376;2348;2361
49203;45739;44737;2401;2420
48724;45002;44258;2357;2359
48902;45393;44493;2360;2363
49349;45640;44856;2440;2442
49571;45953;45053;2341;2355
49436;46123;45154;2357;2344
49422;45994;45074;2428;2422
48638;45215;44274;2351;2359
48563;44954;44235;2348;2343
48199;44721;43768;2429;2409
48123;44620;43796;2340;2344
48436;45012;43925;2302;2296
48585;45140;44224;2289;2302
48860;45168;44362;2459;2455
48546;45129;44206;2370;2373
48381;45032;44119;2394;2381
48421;44907;43953;2404;2403
48165;44818;43762;2395;2409
48262;44814;43858;2425;2412
48113;44797;43751;2396;2390
47952;44603;43607;2406;2411
47682;44413;43390;2367;2376
47468;44105;43319;2342;2343
47586;44116;43039;2366;2360
46386;43145;42176;2385;2377
45460;42100;41295;2371;2363
45756;42373;41487;2332;2336
45526;42445;41396;2365;2390
45550;42313;41354;2347;2323
45979;42741;41978;2360;2339
46286;42921;42182;2336;2335
46249;42961;42224;2346;2336
46294;42850;41953;2407;2389
45972;42712;41762;2349;2339
45754;42509;41664;2358;2365
45760;42661;41687;2413;2418
45529;42439;41554;2353;2380
45094;41950;41055;2461;2455
44777;41664;40756;2472;2451
44853;41720;41011;2362;2373
45085;41959;40823;2375;2387
44629;41558;40591;2346;2343
44609;41282;40477;2391;2382
44673;41618;40615;2375;2375
44660;41817;40630;2348;2341
44716;41554;40658;2480;2487
44399;41272;40380;2504;2498
44201;41038;40103;2435;2455
43673;40729;39620;2275;2283
43358;40299;39215;2321;2292
43342;40350;39435;2395;2400
43732;40654;39617;2387;2398
43018;39980;39129;2321;2316
43052;39932;39208;2452;2441
43028;39869;39071;2301;2292
43159;39876;39213;2406;2377
42700;39667;38777;2370;2374
41769;38757;38040;2371;2368
41993;38760;37959;2272;2297
42256;39214;38272;2356;2383
41712;38757;38025;2382;2360
41625;38665;37747;2450;2468
42035;39014;38309;2398;2392
41994;38934;38044;2324;2312
41461;38416;37761;2405;2421
41018;38068;37121;2328;2313
40973;38225;37343;2395;2390
40838;38129;37337;2456;2452
40321;37506;36736;2397;2413
39688;36899;36246;2291;2283
39535;36828;36003;2425;2432
38554;35781;35205;2357;2382
39000;36324;35543;2329;2336
40484;37660;36787;2334;2343
40612;37782;36846;2348;2355
39293;36503;35629;2367;2366
38572;35929;35210;2398;2386
39318;36679;35871;2383;2384
40242;37251;36433;2300;2295
40364;37364;36567;2289;2298
39461;36511;35798;2357;2360
37917;35392;34551;2363;2367
38393;35726;34990;2462;2461
38592;35878;34996;2320;2332
38605;35918;35191;2334;2355
38801;36032;35309;2316;2311
38340;35757;34850;2358;2360
37483;34951;34132;2366;2365
37374;34926;34068;2433;2422
37407;34877;34072;2369;2350
37687;35045;34158;2303;2317
38194;35474;34780;2354;2345
37650;35109;34284;2408;2395
37573;34936;34267;2340;2356
37819;35243;34462;2395;2403
36847;34108;33365;2355;2351
36084;33604;32915;2387;2377
36028;33590;32652;2322;2321
35522;32992;32341;2338;2318
36263;33823;33079;2289;2282
37328;34784;34152;2402;2412
36532;34281;33332;2321;2323
35820;33285;32564;2282;2282
36649;34205;33339;2350;2354
36956;34411;33610;2396;2403
36442;34042;33362;2382;2376
35980;33678;32713;2401;2393
35276;32832;32030;2393;2397
34624;32379;31591;2439;2424
34945;32712;31808;2342;2339
35913;33527;32609;2380;2381
36082;33901;33002;2350;2356
35736;33369;32517;2291;2311
35934;33580;32724;2388;2407
35692;33324;32579;2272;2274
35448;33128;32469;2311;2322
35496;33089;32280;2355;2350
34512;32411;31712;2340;2350
34154;31720;31114;2410;2414
33560;31077;30446;2434;2449
33075;30802;30121;2400;2397
32788;30609;29896;2402;2390
33220;31048;30444;2334;2327
34314;32064;31174;2355;2365
34384;31967;31316;2291;2287
33859;31669;30882;2363;2355
33905;31891;30999;2425;2415
33746;31455;30734;2403;2421
33991;31749;30953;2321;2343
34178;31844;31088;2380;2378
34118;31691;31134;2387;2384
33973;31723;31005;2261;2254
33983;31662;30918;2318;2305
33648;31416;30624;2336;2323
33396;31184;30470;2372;2400
33432;31106;30507;2317;2342
33082;30871;30202;2308;2300
32767;30498;29761;2417;2420
32430;30352;29686;2334;2343
32514;30449;29724;2430;2441
32797;30582;29857;2365;2352
32704;30630;29844;2300;2285
32602;30437;29791;2349;2328
32498;30440;29608;2299;2281
32145;29975;29351;2427;2427
32033;29821;29225;2407;2415
31938;29728;29061;2389;2378
30708;28697;28096;2392;2391
29717;27658;26995;2365;2381
30156;27988;27471;2370;2382
30900;28827;28241;2339;2332
31257;29269;28487;2289;2301
31231;29185;28512;2313;2325
30897;28925;28060;2291;2276
29833;27936;27176;2472;2459
30012;27914;27346;2338;2345
30771;28765;28140;2359;2363
30734;28701;28013;2359;2344
29912;27762;27246;2241;2244
29893;27730;27230;2363;2367
30079;28061;27426;2315;2302
29959;28078;27294;2316;2302
29360;27524;26973;2357;2369
28856;26713;26208;2258;2248
27867;26069;25371;2307;2312
26873;24993;24479;2283;2278
25845;24196;23635;2320;2327
25179;23431;22953;2298;2292
24548;22917;22389;2320;2311
23566;21947;21555;2353;2371
22538;21124;20720;2289;2293
22566;21030;20652;2332;2310
